IP地址,端口号,TLS,网络延迟,下载速度,出站IP,IP类型,数据中心,源IP位置,地区,城市,ASN号码,ASN组织
154.198.215.125,8443,true,41ms,16.21MB/s,154.198.215.125,IPv4,HKG,HK,Asia Pacific,Hong Kong,AS40065,CNSERVERS LLC
149.104.4.249,2053,true,19ms,14.46MB/s,2400:f880:dbf:8a82::3a4,IPv6,HKG,HK,Asia Pacific,Hong Kong,AS42960,VH Global Limited
108.165.147.177,443,true,92ms,13.31MB/s,2400:8d60:6::2080:94c8,IPv6,HKG,HK,Asia Pacific,Hong Kong,AS149440,Evoxt Sdn. Bhd.
154.12.188.42,2053,true,37ms,12.25MB/s,2403:18c0:3:45:40c0:9dff:febb:75c1,IPv6,HKG,HK,Asia Pacific,Hong Kong,AS906,DMIT Cloud Services
144.79.11.202,8443,true,39ms,10.83MB/s,154.198.215.125,IPv4,HKG,HK,Asia Pacific,Hong Kong,AS40065,CNSERVERS LLC
154.198.215.91,8443,true,41ms,10.18MB/s,154.198.215.91,IPv4,HKG,HK,Asia Pacific,Hong Kong,AS40065,CNSERVERS LLC
151.245.90.96,8443,true,217ms,9.77MB/s,2a0f:7802:e2bd:1f::4b,IPv6,HKG,HK,Asia Pacific,Hong Kong,AS134677,Dromatics Systems Pte Ltd
154.198.215.120,8443,true,45ms,8.15MB/s,154.198.215.120,IPv4,HKG,HK,Asia Pacific,Hong Kong,AS40065,CNSERVERS LLC
154.198.215.97,8443,true,41ms,7.78MB/s,154.198.215.97,IPv4,HKG,HK,Asia Pacific,Hong Kong,AS40065,CNSERVERS LLC
140.235.36.50,443,true,218ms,6.65MB/s,2400:8a20:160::34,IPv6,HKG,HK,Asia Pacific,Hong Kong,AS51847,Nearoute Limited
149.104.4.252,443,true,30ms,6.13MB/s,149.104.4.252,IPv4,HKG,HK,Asia Pacific,Hong Kong,AS42960,VH Global Limited
124.244.50.35,443,true,53ms,5.63MB/s,124.244.50.35,IPv4,HKG,HK,Asia Pacific,Hong Kong,AS9269,Hong Kong Broadband Network Ltd.
154.198.215.126,8443,true,44ms,4.26MB/s,154.198.215.126,IPv4,HKG,HK,Asia Pacific,Hong Kong,AS40065,CNSERVERS LLC
116.118.8.19,443,true,206ms,3.18MB/s,116.118.8.19,IPv4,HKG,VN,Asia Pacific,Hong Kong,AS7602,Sai gon Postel Corporation
149.104.5.93,443,true,19ms,0.71MB/s,2400:f880:d05:5a95::37bf,IPv6,HKG,HK,Asia Pacific,Hong Kong,AS42960,VH Global Limited
154.12.188.42,8443,true,39ms,0.66MB/s,2403:18c0:3:45:40c0:9dff:febb:75c1,IPv6,HKG,HK,Asia Pacific,Hong Kong,AS906,DMIT Cloud Services
154.12.189.81,443,true,45ms,0.58MB/s,2403:18c0:3:34:9c91:bcff:fef6:2c0a,IPv6,HKG,HK,Asia Pacific,Hong Kong,AS906,DMIT Cloud Services
103.74.192.228,443,true,53ms,0.55MB/s,2001:df1:7880:100:ae90:fcff:fe00:126f,IPv6,HKG,HK,Asia Pacific,Hong Kong,AS139659,LUCIDACLOUD LIMITED
154.12.188.42,2083,true,39ms,0.48MB/s,2403:18c0:3:45:40c0:9dff:febb:75c1,IPv6,HKG,HK,Asia Pacific,Hong Kong,AS906,DMIT Cloud Services
149.104.6.78,8443,true,56ms,0.43MB/s,2400:f880:49e:e722::34dd,IPv6,HKG,HK,Asia Pacific,Hong Kong,AS42960,VH Global Limited
